[
    {
    "p_name":"Apple",
    "p_id":1,
    "p_cost":30,
    "p_availability":1,
    "p_details":"Imported from Swiss",
    "p_category":"Premium",
    "p_img" : "https://www.collinsdictionary.com/images/full/apple_158989157.jpg"
    },
    {
    "p_name":"Mango",
    "p_id":2,
    "p_cost":50,
    "p_availability":1,
    "p_details":"Farmed at Selam",
    "p_category":"Tamilnadu",
    "p_img":"https://plantogram.com/wa-data/public/shop/products/55/06/655/images/1256/1256.750@2x.jpg"
    },
    {
    "p_name":"Bananna",
    "p_id":3,
    "p_cost":5,
    "p_availability":0,
    
    "p_img":"https://upload.wikimedia.org/wikipedia/commons/8/8a/Banana-Single.jpg"
    },
    {
    "p_name":"Orange",
    "p_id":4,
    "p_cost":25,
    "p_availability":1,
    "p_details":"from Nagpur",
    "p_category":"Premium",
    "p_img" : "https://5.imimg.com/data5/EE/ER/MY-27568370/fresh-orange-500x500.png"
    }
   ]